id,passed,reason,model,system_prompt_file,eval_mode,question,output_text,score_correctness,score_reasoning,score_efficiency,score_total,mcp_call_count,queries
24-exact-nano,True,,gpt-5-nano,system2.2.md,exact_text,How many animals owned by Old MacDonald report a healthCondition attribute? Answer only with a number.,2,,,,,3,GET /ngsi-ld/v1/entities?type=Person&q=name==%22Old%20MacDonald%22&limit=1|GET /ngsi-ld/v1/types|GET /ngsi-ld/v1/entities?type=Animal&ownedBy==urn:ngsi-ld:AgriFarm:farm001&limit=100
24-json-mini,False,No evaluation criterion provided,gpt-5-mini,system3.2.md,json_subset,What is the health condition of animals owned by Old MacDonald? Return a JSON array with id and healthCondition.,"[{""id"":""urn:ngsi-ld:Animal:cow102"",""healthCondition"":null},{""id"":""urn:ngsi-ld:Animal:cow103"",""healthCondition"":null},{""id"":""urn:ngsi-ld:Animal:cow101"",""healthCondition"":null},{""id"":""urn:ngsi-ld:Animal:cow001"",""healthCondition"":""healthy""},{""id"":""urn:ngsi-ld:Animal:cow009"",""healthCondition"":null},{""id"":""urn:ngsi-ld:Animal:cow008"",""healthCondition"":null},{""id"":""urn:ngsi-ld:Animal:cow006"",""healthCondition"":""healthy""},{""id"":""urn:ngsi-ld:Animal:cow005"",""healthCondition"":null},{""id"":""urn:ngsi-ld:Animal:cow003"",""healthCondition"":null},{""id"":""urn:ngsi-ld:Animal:cow002"",""healthCondition"":null},{""id"":""urn:ngsi-ld:Animal:cow011"",""healthCondition"":null},{""id"":""urn:ngsi-ld:Animal:cow018"",""healthCondition"":null},{""id"":""urn:ngsi-ld:Animal:cow021"",""healthCondition"":null},{""id"":""urn:ngsi-ld:Animal:cow015"",""healthCondition"":null},{""id"":""urn:ngsi-ld:Animal:cow014"",""healthCondition"":null},{""id"":""urn:ngsi-ld:Animal:cow013"",""healthCondition"":null},{""id"":""urn:ngsi-ld:Animal:cow027"",""healthCondition"":null},{""id"":""urn:ngsi-ld:Animal:cow026"",""healthCondition"":null},{""id"":""urn:ngsi-ld:Animal:cow025"",""healthCondition"":null},{""id"":""urn:ngsi-ld:Animal:cow024"",""healthCondition"":null},{""id"":""urn:ngsi-ld:Animal:cow037"",""healthCondition"":null},{""id"":""urn:ngsi-ld:Animal:cow031"",""healthCondition"":null},{""id"":""urn:ngsi-ld:Animal:cow040"",""healthCondition"":null},{""id"":""urn:ngsi-ld:Animal:cow039"",""healthCondition"":null},{""id"":""urn:ngsi-ld:Animal:cow032"",""healthCondition"":null}]",,,,,2,"GET /ngsi-ld/v1/entities?type=Person&q=name==%22Old%20MacDonald%22&limit=100&count=true&offset=0&pick=id,name|GET /ngsi-ld/v1/entities?type=Animal&q=ownedBy==%22urn:ngsi-ld:Person:person001%22&limit=100&count=true&offset=0&pick=id,healthCondition"
24-judge-nano,True,"Reduce MCP queries to the two optimal calls: first locate Old MacDonald's owner, then fetch healthCondition for animals owned by that owner.",gpt-5-nano,system2.2.md,llm_judge,What is the health condition of animals owned by Old MacDonald?,"[
  {
    ""id"": ""urn:ngsi-ld:Animal:cow102"",
    ""name"": {
      ""type"": ""Property"",
      ""value"": ""Blossom""
    },
    ""@context"": [
      ""http://context/user-context.jsonld"",
      ""https://uri.etsi.org/ngsi-ld/v1/ngsi-ld-core-context-v1.8.jsonld""
    ]
  },
  {
    ""id"": ""urn:ngsi-ld:Animal:cow103"",
    ""name"": {
      ""type"": ""Property"",
      ""value"": ""Buttercup""
    },
    ""@context"": [
      ""http://context/user-context.jsonld"",
      ""https://uri.etsi.org/ngsi-ld/v1/ngsi-ld-core-context-v1.8.jsonld""
    ]
  },
  {
    ""id"": ""urn:ngsi-ld:Animal:cow101"",
    ""name"": {
      ""type"": ""Property"",
      ""value"": ""Bumble""
    },
    ""@context"": [
      ""http://context/user-context.jsonld"",
      ""https://uri.etsi.org/ngsi-ld/v1/ngsi-ld-core-context-v1.8.jsonld""
    ]
  },
  {
    ""id"": ""urn:ngsi-ld:Animal:cow001"",
    ""name"": {
      ""type"": ""Property"",
      ""value"": ""Beany""
    },
    ""healthCondition"": {
      ""type"": ""VocabProperty"",
      ""vocab"": ""healthy""
    },
    ""@context"": [
      ""http://context/user-context.jsonld"",
      ""https://uri.etsi.org/ngsi-ld/v1/ngsi-ld-core-context-v1.8.jsonld""
    ]
  },
  {
    ""id"": ""urn:ngsi-ld:Animal:cow009"",
    ""name"": {
      ""type"": ""Property"",
      ""value"": ""Juicey""
    },
    ""@context"": [
      ""http://context/user-context.jsonld"",
      ""https://uri.etsi.org/ngsi-ld/v1/ngsi-ld-core-context-v1.8.jsonld""
    ]
  },
  {
    ""id"": ""urn:ngsi-ld:Animal:cow008"",
    ""name"": {
      ""type"": ""Property"",
      ""value"": ""Pollen""
    },
    ""@context"": [
      ""http://context/user-context.jsonld"",
      ""https://uri.etsi.org/ngsi-ld/v1/ngsi-ld-core-context-v1.8.jsonld""
    ]
  },
  {
    ""id"": ""urn:ngsi-ld:Animal:cow006"",
    ""name"": {
      ""type"": ""Property"",
      ""value"": ""Twilight""
    },
    ""healthCondition"": {
      ""type"": ""VocabProperty"",
      ""vocab"": ""healthy""
    },
    ""@context"": [
      ""http://context/user-context.jsonld"",
      ""https://uri.etsi.org/ngsi-ld/v1/ngsi-ld-core-context-v1.8.jsonld""
    ]
  },
  {
    ""id"": ""urn:ngsi-ld:Animal:cow005"",
    ""name"": {
      ""type"": ""Property"",
      ""value"": ""Sun""
    },
    ""@context"": [
      ""http://context/user-context.jsonld"",
      ""https://uri.etsi.org/ngsi-ld/v1/ngsi-ld-core-context-v1.8.jsonld""
    ]
  },
  {
    ""id"": ""urn:ngsi-ld:Animal:cow003"",
    ""name"": {
      ""type"": ""Property"",
      ""value"": ""Petal""
    },
    ""@context"": [
      ""http://context/user-context.jsonld"",
      ""https://uri.etsi.org/ngsi-ld/v1/ngsi-ld-core-context-v1.8.jsonld""
    ]
  },
  {
    ""id"": ""urn:ngsi-ld:Animal:cow002"",
    ""name"": {
      ""type"": ""Property"",
      ""value"": ""Trotter""
    },
    ""@context"": [
      ""http://context/user-context.jsonld"",
      ""https://uri.etsi.org/ngsi-ld/v1/ngsi-ld-core-context-v1.8.jsonld""
    ]
  },
  {
    ""id"": ""urn:ngsi-ld:Animal:cow011"",
    ""name"": {
      ""type"": ""Property"",
      ""value"": ""Oats""
    },
    ""@context"": [
      ""http://context/user-context.jsonld"",
      ""https://uri.etsi.org/ngsi-ld/v1/ngsi-ld-core-context-v1.8.jsonld""
    ]
  },
  {
    ""id"": ""urn:ngsi-ld:Animal:cow018"",
    ""name"": {
      ""type"": ""Property"",
      ""value"": ""Rice""
    },
    ""@context"": [
      ""http://context/user-context.jsonld"",
      ""https://uri.etsi.org/ngsi-ld/v1/ngsi-ld-core-context-v1.8.jsonld""
    ]
  },
  {
    ""id"": ""urn:ngsi-ld:Animal:cow021"",
    ""name"": {
      ""type"": ""Property"",
      ""value"": ""Ferdinand""
    },
    ""@context"": [
      ""http://context/user-context.jsonld"",
      ""https://uri.etsi.org/ngsi-ld/v1/ngsi-ld-core-context-v1.8.jsonld""
    ]
  },
  {
    ""id"": ""urn:ngsi-ld:Animal:cow015"",
    ""name"": {
      ""type"": ""Property"",
      ""value"": ""Button""
    },
    ""@context"": [
      ""http://context/user-context.jsonld"",
      ""https://uri.etsi.org/ngsi-ld/v1/ngsi-ld-core-context-v1.8.jsonld""
    ]
  },
  {
    ""id"": ""urn:ngsi-ld:Animal:cow014"",
    ""name"": {
      ""type"": ""Property"",
      ""value"": ""Stamps""
    },
    ""@context"": [
      ""http://context/user-context.jsonld"",
      ""https://uri.etsi.org/ngsi-ld/v1/ngsi-ld-core-context-v1.8.jsonld""
    ]
  },
  {
    ""id"": ""urn:ngsi-ld:Animal:cow013"",
    ""name"": {
      ""type"": ""Property"",
      ""value"": ""Silver""
    },
    ""@context"": [
      ""http://context/user-context.jsonld"",
      ""https://uri.etsi.org/ngsi-ld/v1/ngsi-ld-core-context-v1.8.jsonld""
    ]
  },
  {
    ""id"": ""urn:ngsi-ld:Animal:cow027"",
    ""name"": {
      ""type"": ""Property"",
      ""value"": ""Fresian""
    },
    ""@context"": [
      ""http://context/user-context.jsonld"",
      ""https://uri.etsi.org/ngsi-ld/v1/ngsi-ld-core-context-v1.8.jsonld""
    ]
  },
  {
    ""id"": ""urn:ngsi-ld:Animal:cow026"",
    ""name"": {
      ""type"": ""Property"",
      ""value"": ""Opal""
    },
    ""@context"": [
      ""http://context/user-context.jsonld"",
      ""https://uri.etsi.org/ngsi-ld/v1/ngsi-ld-core-context-v1.8.jsonld""
    ]
  },
  {
    ""id"": ""urn:ngsi-ld:Animal:cow025"",
    ""name"": {
      ""type"": ""Property"",
      ""value"": ""Bug""
    },
    ""@context"": [
      ""http://context/user-context.jsonld"",
      ""https://uri.etsi.org/ngsi-ld/v1/ngsi-ld-core-context-v1.8.jsonld""
    ]
  },
  {
    ""id"": ""urn:ngsi-ld:Animal:cow024"",
    ""name"": {
      ""type"": ""Property"",
      ""value"": ""Fluffy""
    },
    ""@context"": [
      ""http://context/user-context.jsonld"",
      ""https://uri.etsi.org/ngsi-ld/v1/ngsi-ld-core-context-v1.8.jsonld""
    ]
  },
  {
    ""id"": ""urn:ngsi-ld:Animal:cow037"",
    ""name"": {
      ""type"": ""Property"",
      ""value"": ""Marble""
    },
    ""@context"": [
      ""http://context/user-context.jsonld"",
      ""https://uri.etsi.org/ngsi-ld/v1/ngsi-ld-core-context-v1.8.jsonld""
    ]
  },
  {
    ""id"": ""urn:ngsi-ld:Animal:cow031"",
    ""name"": {
      ""type"": ""Property"",
      ""value"": ""Grape""
    },
    ""@context"": [
      ""http://context/user-context.jsonld"",
      ""https://uri.etsi.org/ngsi-ld/v1/ngsi-ld-core-context-v1.8.jsonld""
    ]
  },
  {
    ""id"": ""urn:ngsi-ld:Animal:cow040"",
    ""name"": {
      ""type"": ""Property"",
      ""value"": ""Spots""
    },
    ""@context"": [
      ""http://context/user-context.jsonld"",
      ""https://uri.etsi.org/ngsi-ld/v1/ngsi-ld-core-context-v1.8.jsonld""
    ]
  },
  {
    ""id"": ""urn:ngsi-ld:Animal:cow039"",
    ""name"": {
      ""type"": ""Property"",
      ""value"": ""Pepsi""
    },
    ""@context"": [
      ""http://context/user-context.jsonld"",
      ""https://uri.etsi.org/ngsi-ld/v1/ngsi-ld-core-context-v1.8.jsonld""
    ]
  },
  {
    ""id"": ""urn:ngsi-ld:Animal:cow032"",
    ""name"": {
      ""type"": ""Property"",
      ""value"": ""Citrus""
    },
    ""@context"": [
      ""http://context/user-context.jsonld"",
      ""https://uri.etsi.org/ngsi-ld/v1/ngsi-ld-core-context-v1.8.jsonld""
    ]
  }
]",1.0,0.0,0.0,0.7,7,"GET /ngsi-ld/v1/types|GET /ngsi-ld/v1/entities?type=Person&q=name==%22Old%20MacDonald%22&limit=1|GET /ngsi-ld/v1/entities?type=Animal&q=ownedBy==urn:ngsi-ld:AgriFarm:farm001&limit=100&pick=healthCondition|GET /ngsi-ld/v1/entities/urn:ngsi-ld:AgriFarm:farm001|GET /ngsi-ld/v1/entities?type=Animal&limit=5|GET /ngsi-ld/v1/entities?type=Animal&q=ownedBy==urn:ngsi-ld:Person:person001&limit=100&pick=healthCondition|GET /ngsi-ld/v1/entities?type=Animal&q=ownedBy==urn:ngsi-ld:Person:person001&limit=100&pick=id,healthCondition,name"
24-judge-mini,True,Streamline MCP calls to two targeted queries by resolving Old MacDonaldâ€™s Person ID and querying its owned animals' healthCondition in one step; avoid broad prefetches.,gpt-5-mini,system3.2.md,llm_judge,What is the health condition of animals owned by Old MacDonald?,"[{""name"":{""type"":""Property"",""value"":""Blossom""},""@context"":[""http://context/user-context.jsonld"",""https://uri.etsi.org/ngsi-ld/v1/ngsi-ld-core-context-v1.8.jsonld""]},{""name"":{""type"":""Property"",""value"":""Buttercup""},""@context"":[""http://context/user-context.jsonld"",""https://uri.etsi.org/ngsi-ld/v1/ngsi-ld-core-context-v1.8.jsonld""]},{""name"":{""type"":""Property"",""value"":""Bumble""},""@context"":[""http://context/user-context.jsonld"",""https://uri.etsi.org/ngsi-ld/v1/ngsi-ld-core-context-v1.8.jsonld""]},{""name"":{""type"":""Property"",""value"":""Beany""},""healthCondition"":{""type"":""VocabProperty"",""vocab"":""healthy""},""@context"":[""http://context/user-context.jsonld"",""https://uri.etsi.org/ngsi-ld/v1/ngsi-ld-core-context-v1.8.jsonld""]},{""name"":{""type"":""Property"",""value"":""Juicey""},""@context"":[""http://context/user-context.jsonld"",""https://uri.etsi.org/ngsi-ld/v1/ngsi-ld-core-context-v1.8.jsonld""]},{""name"":{""type"":""Property"",""value"":""Pollen""},""@context"":[""http://context/user-context.jsonld"",""https://uri.etsi.org/ngsi-ld/v1/ngsi-ld-core-context-v1.8.jsonld""]},{""name"":{""type"":""Property"",""value"":""Twilight""},""healthCondition"":{""type"":""VocabProperty"",""vocab"":""healthy""},""@context"":[""http://context/user-context.jsonld"",""https://uri.etsi.org/ngsi-ld/v1/ngsi-ld-core-context-v1.8.jsonld""]},{""name"":{""type"":""Property"",""value"":""Sun""},""@context"":[""http://context/user-context.jsonld"",""https://uri.etsi.org/ngsi-ld/v1/ngsi-ld-core-context-v1.8.jsonld""]},{""name"":{""type"":""Property"",""value"":""Petal""},""@context"":[""http://context/user-context.jsonld"",""https://uri.etsi.org/ngsi-ld/v1/ngsi-ld-core-context-v1.8.jsonld""]},{""name"":{""type"":""Property"",""value"":""Trotter""},""@context"":[""http://context/user-context.jsonld"",""https://uri.etsi.org/ngsi-ld/v1/ngsi-ld-core-context-v1.8.jsonld""]},{""name"":{""type"":""Property"",""value"":""Oats""},""@context"":[""http://context/user-context.jsonld"",""https://uri.etsi.org/ngsi-ld/v1/ngsi-ld-core-context-v1.8.jsonld""]},{""name"":{""type"":""Property"",""value"":""Rice""},""@context"":[""http://context/user-context.jsonld"",""https://uri.etsi.org/ngsi-ld/v1/ngsi-ld-core-context-v1.8.jsonld""]},{""name"":{""type"":""Property"",""value"":""Ferdinand""},""@context"":[""http://context/user-context.jsonld"",""https://uri.etsi.org/ngsi-ld/v1/ngsi-ld-core-context-v1.8.jsonld""]},{""name"":{""type"":""Property"",""value"":""Button""},""@context"":[""http://context/user-context.jsonld"",""https://uri.etsi.org/ngsi-ld/v1/ngsi-ld-core-context-v1.8.jsonld""]},{""name"":{""type"":""Property"",""value"":""Stamps""},""@context"":[""http://context/user-context.jsonld"",""https://uri.etsi.org/ngsi-ld/v1/ngsi-ld-core-context-v1.8.jsonld""]},{""name"":{""type"":""Property"",""value"":""Silver""},""@context"":[""http://context/user-context.jsonld"",""https://uri.etsi.org/ngsi-ld/v1/ngsi-ld-core-context-v1.8.jsonld""]},{""name"":{""type"":""Property"",""value"":""Fresian""},""@context"":[""http://context/user-context.jsonld"",""https://uri.etsi.org/ngsi-ld/v1/ngsi-ld-core-context-v1.8.jsonld""]},{""name"":{""type"":""Property"",""value"":""Opal""},""@context"":[""http://context/user-context.jsonld"",""https://uri.etsi.org/ngsi-ld/v1/ngsi-ld-core-context-v1.8.jsonld""]},{""name"":{""type"":""Property"",""value"":""Bug""},""@context"":[""http://context/user-context.jsonld"",""https://uri.etsi.org/ngsi-ld/v1/ngsi-ld-core-context-v1.8.jsonld""]},{""name"":{""type"":""Property"",""value"":""Fluffy""},""@context"":[""http://context/user-context.jsonld"",""https://uri.etsi.org/ngsi-ld/v1/ngsi-ld-core-context-v1.8.jsonld""]},{""name"":{""type"":""Property"",""value"":""Marble""},""@context"":[""http://context/user-context.jsonld"",""https://uri.etsi.org/ngsi-ld/v1/ngsi-ld-core-context-v1.8.jsonld""]},{""name"":{""type"":""Property"",""value"":""Grape""},""@context"":[""http://context/user-context.jsonld"",""https://uri.etsi.org/ngsi-ld/v1/ngsi-ld-core-context-v1.8.jsonld""]},{""name"":{""type"":""Property"",""value"":""Spots""},""@context"":[""http://context/user-context.jsonld"",""https://uri.etsi.org/ngsi-ld/v1/ngsi-ld-core-context-v1.8.jsonld""]},{""name"":{""type"":""Property"",""value"":""Pepsi""},""@context"":[""http://context/user-context.jsonld"",""https://uri.etsi.org/ngsi-ld/v1/ngsi-ld-core-context-v1.8.jsonld""]},{""name"":{""type"":""Property"",""value"":""Citrus""},""@context"":[""http://context/user-context.jsonld"",""https://uri.etsi.org/ngsi-ld/v1/ngsi-ld-core-context-v1.8.jsonld""]}]",1.0,0.0,0.15,0.715,5,"GET /ngsi-ld/v1/entities?type=Animal&q=ownedBy.{name}==%22Old%20MacDonald%22&pick=healthCondition&count=true&limit=100|GET /ngsi-ld/v1/entities?type=Person&limit=50&count=true&pick=name,givenName,familyName|GET /ngsi-ld/v1/entities?type=Animal&limit=50&count=true&pick=id,name,ownedBy,healthCondition|GET /ngsi-ld/v1/entities?type=Person&limit=50&count=true|GET /ngsi-ld/v1/entities?type=Animal&q=ownedBy==%22urn:ngsi-ld:Person:person001%22&pick=name,healthCondition&count=true&limit=100"
